{
  "layer": 16,
  "decode_steps": [
    1,
    5,
    10,
    20,
    50
  ],
  "pairwise_similarities": {
    "t1_t5": 0.2536781132221222,
    "t1_t10": 0.4324697256088257,
    "t1_t20": 0.2642238736152649,
    "t1_t50": 0.14730799198150635,
    "t5_t10": 0.18352648615837097,
    "t5_t20": 0.017795175313949585,
    "t5_t50": 0.10289271175861359,
    "t10_t20": 0.24953889846801758,
    "t10_t50": 0.10755059123039246,
    "t20_t50": 0.30637097358703613
  },
  "min_similarity": 0.017795175313949585,
  "mean_similarity": 0.20653545409440993,
  "first_pair_similarity": 0.2536781132221222,
  "pass": false
}