{
  "layer": 16,
  "fixed_prefix_tokens": 43,
  "sample_positions": [
    5,
    10,
    15,
    20,
    25
  ],
  "controlled_pairwise_similarities": {
    "p5_p10": 0.4400813579559326,
    "p5_p15": 0.40388476848602295,
    "p5_p20": 0.5808544754981995,
    "p5_p25": 0.38426291942596436,
    "p10_p15": 0.40521878004074097,
    "p10_p20": 0.4218749403953552,
    "p10_p25": 0.454377144575119,
    "p15_p20": 0.4827602505683899,
    "p15_p25": 0.23118601739406586,
    "p20_p25": 0.32788705825805664
  },
  "controlled_min_similarity": 0.23118601739406586,
  "controlled_mean_similarity": 0.4132387712597847,
  "exp_b_min_similarity": 0.017795175313949585,
  "decision": "dynamic"
}